<?xml version="1.0" encoding="UTF-8"?>
<beans xmlns="http://www.springframework.org/schema/beans"
	xmlns:xsi="http://www.w3.org/2001/XMLSchema-instance"
	xsi:schemaLocation="http://www.springframework.org/schema/beans http://www.springframework.org/schema/beans/spring-beans.xsd">

   <!-- Configiure DataSource -->
   <bean id="drds"  class="org.springframework.jdbc.datasource.DriverManagerDataSource">
       <property name="driverClassName"  value="oracle.jdbc.driver.OracleDriver"/>
       <property name="url" value="jdbc:oracle:thin:@localhost:1521:orcl"/>
       <property name="username" value="system"/>
       <property name="password" value="Oracle11g"/>
   </bean>
   
   <!-- cfg DAO class -->
   <bean id="prptyDtlsDAO"  class="com.sdtechinc.dao.PropertyDetailsDAOImpl">
       <constructor-arg   ref="drds"/>
   </bean>
  
   <!-- cfg service class -->
   <bean id="prptyDtlsService"  class="com.sdtechnic.service.PropertyDetailsServiceImpl">
       <constructor-arg ref="prptyDtlsDAO"/>
   </bean>
   
   <!-- cfg Controller class -->
   <bean id="propertyDetailsController"  class="com.sdtechinc.controller.PropertyDetailsMainController">
      <constructor-arg ref="prptyDtlsService"/>
   </bean>
   
  </beans>